X,var1,var2,var3,var4
measurement1,0.72763,0.73153,0.94498,0.79935
measurement2,0.00616,-0.67374,0.43841,0.81731
measurement3,0.82009,0.51716,0.26557,0.32934
measurement4,-0.48362,-0.20298,-0.47114,0.68099
measurement5,0.18722,0.66665,0.36745,-0.73118
measurement6,0.99443,0.92765,0.69384,0.47203
measurement7,0.12141,0.97083,0.70022,0.34397
measurement8,0.68340,0.35712,0.14916,0.30873
measurement9,0.44402,0.15223,0.48420,0.65337
measurement10,0.62470,0.60167,0.21768,0.30929
